# IdiObj conversion list
# 
# Syntax:
# ALL - 
# LEVEL <levelfilename> - start specific definitions for a single level
# 
# +TYPE <FourCC> [ <FourCC> ...]        - include object type
# -TYPE <FourCC> [ <FourCC> ...]        - exclude object type
# +CLASS <ClassName> [ <ClassName> ...] - include object class
# -CLASS <ClassName> [ <ClassName> ...] - exclude object class
# +OBJ <ObjName> [ <ObjName> ...]       - include object name
# -OBJ <ObjName> [ <ObjName> ...]       - exclude object name
# 
# All names (level, type, class and object) may contain wildcards (*, ?)
# 
LEVEL ALL
+TYPE NONE DECO VGTN
-CLASS Icewaste_Tree_01 Icewaste_Tree_02 Icewaste_Tree_03 Icewaste_Tree_04 Icewaste_Tree_05 Icewaste_Birch_01 Icewaste_Birch_02 Icewaste_Birch_03 Icewaste_Dead_Tree_01 Icewaste_Oak_01 Icewaste_Oak_02 Icewaste_Oak_03
-CLASS Ashvalley_Tree_01 Ashvalley_Tree_02 Ashvalley_Tree_03 Ashvalley_Tree_04 Ashvalley_Tree_05 Ashvalley_Tree_06 Ashvalley_Tree_07 Ashvalley_Tree_08 Ashvalley_Tree_09 Ashvalley_Tree_10 Ashvalley_Tree_11 Ashvalley_Tree_12 Ashvalley_Tree_13 Ash_Dragontree_01 Ash_Dragontree_02 Ash_Dragontree_03 Ash_Joshua_Tree_01 Ash_Joshua_Tree_02
-CLASS Savanna_Tree_01 Savanna_Tree_02 Savanna_Tree_03 Savanna_Tree_04 Savanna_Tree_05 Savanna_Umbrella_Acacia_01 Savanna_Umbrella_Acacia_02 Savanna_Umbrella_Acacia_03 Savanna_Umbrella_Acacia_04 Savanna_Cocos_Palm_01 Savanna_Cocos_Palm_02 Savanna_Cocos_Palm_03 Savanna_Cocos_Palm_04 Savanna_Cocos_Palm_05 Savanna_Cocos_Palm_06 Savanna_Baobab_01 Savanna_Baobab_02 Savanna_Baobab_03 Savanna_Koekerboom_01 Savanna_FanPalm_01 Savanna_FanPalm_02 Savanna_FanPalm_03 Savanna_FanPalm_04
-CLASS Cave1_Tree_01 Cave1_Tree_02 Cave1_Tree_03 Cave1_Tree_04 Cave1_Tree_05 Cave1_Umbrella_Acacia_01 Cave1_Umbrella_Acacia_02 Cave1_Umbrella_Acacia_03 Cave1_Umbrella_Acacia_04 Cave1_Cocos_Palm_01 Cave1_Cocos_Palm_02 Cave1_Cocos_Palm_03 Cave1_Cocos_Palm_04 Cave1_Cocos_Palm_05 Cave1_Cocos_Palm_06 Cave1_Baobab_01 Cave1_Baobab_02 Cave1_Baobab_03 Cave1_Koekerboom_01 Cave1_FanPalm_01 Cave1_FanPalm_02 Cave1_FanPalm_03 Cave1_FanPalm_04
-CLASS Northland_Tree_01 Northland_Tree_02 Northland_Tree_03 Northland_Tree_04 Northland_Tree_05 Northland_Birch_01 Northland_Birch_02 Northland_Maple_02 Northland_Maple_03 Northland_Oak_02 Northland_Oak_03 Northland_Poplar_01 Northland_Poplar_02 Northland_Larch_01 Northland_Larch_02 Northland_Beech_01 
-CLASS Jungle_Tree_01 Jungle_Tree_02 Jungle_Tree_03 Jungle_Tree_04 Jungle_Tree_05 Jungle_Tree_Med_01 Jungle_Tree_Med_02 Jungle_Tree_Med_03 Jungle_Tree_Med_04 Jungle_Tree_Med_05 Jungle_Tree_Med_06 Jungle_Tree_Med_07 Jungle_Beachpalm_01 Jungle_Beachpalm_02 Jungle_Beachpalm_03

LEVEL single_00.ula
+CLASS Northland_Smallstones_03 Northland_Mountain_01 Northland_Mountain_02 Northland_Mountain_03 Northland_Stone_01 Northland_Stone_02 Northland_Stone_03 Northland_Stone_04 Northland_Stone_05 Northland_Stone_06
+CLASS Northland_Debris_01 Northland_Debris_02 Northland_Debris_03 Northland_Debris_04 northland_skeleton northland_big_mountain_01 northland_big_mountain_02 northland_big_mountain_03 northland_big_mountain_04 northland_big_mountain_05
+CLASS northland_underwater_stones_01 northland_underwater_stones_02 northland_underwater_stones_03 northland_underwater_stones_04 northland_underwater_stones_05 northland_underwater_stones_06
+TYPE VGTN

LEVEL single_01.ula
+CLASS Northland_Mountain_01 Northland_Mountain_02 Northland_Mountain_03 Northland_Stone_01 Northland_Stone_02 Northland_Stone_03 Northland_Stone_04 Northland_Stone_05 Northland_Stone_06
+CLASS Northland_Debris_01 Northland_Debris_02 Northland_Debris_03 northland_skeleton northland_big_mountain_01 northland_big_mountain_02 northland_big_mountain_03 northland_big_mountain_04 northland_big_mountain_05
+CLASS northland_underwater_stones_01 northland_underwater_stones_02 northland_underwater_stones_03 northland_underwater_stones_04 northland_underwater_stones_05 northland_underwater_stones_06
+TYPE VGTN
-CLASS hu_bloodhu_cage hu_ruin_megaloceros_farm hu_ruin_stone_cottage hu_ruin_arena hu_ruin_weapons_smith hu_ruin_stone_quarry
-CLASS Northland_Smallstones_03 Northland_Debris_04

LEVEL single_02.ula
+CLASS Northland_Smallstones_03 Northland_Mountain_01 Northland_Mountain_02 Northland_Mountain_03 Northland_Stone_01 Northland_Stone_02 Northland_Stone_03 Northland_Stone_04 Northland_Stone_05 Northland_Stone_06
+CLASS Northland_Debris_01 Northland_Debris_02 Northland_Debris_03 Northland_Debris_04 northland_skeleton northland_big_mountain_01 northland_big_mountain_02 northland_big_mountain_03 northland_big_mountain_04 northland_big_mountain_05
+CLASS northland_underwater_stones_01 northland_underwater_stones_02 northland_underwater_stones_03 northland_underwater_stones_04 northland_underwater_stones_05 northland_underwater_stones_06
+TYPE VGTN

LEVEL single_03.ula
+CLASS Sav_Rock_01 Sav_Rock_02 Sav_Rock_03 Sav_Rock_04 Sav_Rock_05 Sav_Rock_06 Sav_Rock_07 Sav_Rock_08 Sav_Rock_09 Sav_Rock_10
+CLASS Sav_Debris_01 Sav_Debris_02 Sav_Debris_03 sav_rock_terrace_01 sav_rock_terrace_02 sav_rock_terrace_03 sav_rock_terrace_04 sav_rock_terrace_05
+TYPE VGTN
-CLASS FlyingTrader_Obj

LEVEL single_04.ula

LEVEL single_05.ula
+TYPE DCCO
-CLASS hc_citizen_01 hc_citizen_02 hc_citizen_03 hc_citizen_04 hc_guard_01 hc_guard_02 hc_worker_01 hc_worker_02 hc_worker_03
-CLASS hc_city_wall hc_gate_real hc_taverne hc_rodeo hc_weapons_builder hc_huge_farm hc_trader_mule hc_barricade_* hc_triumphal_arch hc_rodeo_dest hc_triumphal_arch_dest_level hc_market_stand_01_dest hc_harbour_depository_dest
-CLASS sav_river_* sav_waterfall_01 hc_drain_* hc_downtown_house_* hc_market_house_* sav_waterfall_01_* hc_clothesline_* hc_huge_farm_dest hc_weapons_builder_dest hc_bridgeholder_dino_dest hc_flaghouse_dest hc_triumphal_arch_dest_level

LEVEL single_06.ula
-CLASS pirate_boss_row_dest pirate_boss_sail_dest pirate_boss_tail_dest

LEVEL single_07.ula
+CLASS sav_rock_terrace_stone_01 sav_rock_terrace_stone_02 sav_rock_terrace_stone_03 sav_rock_terrace_stone_04 sav_rock_terrace_stone_05 sav_rock_terrace_stone_06 Sav_Smallrocks_06
-CLASS sav_river_*

LEVEL single_08.ula
+CLASS root_01 root_02 root_03 root_04 root_05 root_06 root_07 root_08 root_09 root_10 valhalla_floe_part_01 valhalla_floe_part_02
-CLASS schliemann_levitate laerad valhalla_big_monolit_base valhalla_big_monolit_ground
-CLASS ice_floe_01 ice_floe_02 ice_floe_03
+CLASS ice_ruinwall_tower_small

LEVEL single_09.ula
-CLASS jng_river_*

LEVEL single_10.ula
-CLASS jng_river_*
+CLASS seas_temple_paving_tiles_* seas_temple_stonebeam_single_deco

LEVEL single_11.ula

LEVEL single_12.ula

LEVEL single_13.ula
+TYPE DCCO
-CLASS hcl13_city_wall hcl13_gate Sav_Rock_05 hcl13_bridge_01
+CLASS sav_rock_terrace_stone_01 sav_rock_terrace_stone_02 sav_rock_terrace_stone_03 sav_rock_terrace_stone_04 sav_rock_terrace_stone_05 sav_rock_terrace_stone_06 Sav_Smallrocks_06
-CLASS sav_river_*

LEVEL single_14.ula
-TYPE NONE DECO VGTN
+CLASS Ash_Basalt01 Ash_Basalt02 Ash_Basalt03 Ash_Basalt04 Ash_Basalt05_Inlava Ash_Cliff01 Ash_Rocktooth01 Ash_Rocktooth02 Ash_Rocktooth03 Ash_Rocktooth04
+CLASS ash_stone_01 ash_stone_02 ash_stone_03 ash_stone_04 ash_stone_05 ash_stone_06 ash_smallstones_03
+CLASS Ash_Underwood_01 Ash_Underwood_02 Ash_Underwood_03 Ash_Underwood_04 Ash_Underwood_05 Ash_Underwood_06 Ash_Underwood_09 Ash_Underwood_10 Ash_Ashgrass_01 Ash_Ashgrass_02 Ash_Ashgrass_03 Ash_Seaweed_01 Ash_Seaweed_02
+CLASS ashvalley_tree_01_deco ashvalley_tree_02_deco ashvalley_tree_03_deco ashvalley_tree_04_deco ashvalley_tree_05_deco ashvalley_tree_06_deco ashvalley_tree_07_deco ashvalley_tree_08_deco ashvalley_tree_09_deco ashvalley_tree_10_deco ashvalley_tree_11_deco
+CLASS ashvalley_dragontree_01_deco ashvalley_dragontree_02_deco ashvalley_dragontree_03_deco ashvalley_joshua_tree_01_deco
+CLASS ash_crack_01_no_fx ash_crack_02_no_fx ash_crack_03_no_fx ash_crack_04_no_fx Ash_Shrub_03 Ash_Shrub_04 Ash_Rhine_Bridge ashvalley_joshua_tree_02_deco ashvalley_tree_12_deco ashvalley_tree_13_deco

LEVEL single_15.ula
-TYPE NONE DECO VGTN
+CLASS Ash_Basalt01 Ash_Basalt02 Ash_Basalt03 Ash_Basalt04 Ash_Basalt05_Inlava Ash_Cliff01 Ash_Rocktooth01 Ash_Rocktooth02 Ash_Rocktooth03 Ash_Rocktooth04
+CLASS ash_stone_01 ash_stone_02 ash_stone_03 ash_stone_04 ash_stone_05 ash_stone_06
+CLASS Ash_Underwood_01 Ash_Underwood_02 Ash_Underwood_03 Ash_Underwood_04 Ash_Underwood_05 Ash_Underwood_06 Ash_Underwood_09 Ash_Underwood_10 Ash_Ashgrass_01 Ash_Ashgrass_02 Ash_Ashgrass_03 Ash_Seaweed_01 Ash_Seaweed_02
+CLASS ashvalley_tree_01_deco ashvalley_tree_02_deco ashvalley_tree_03_deco ashvalley_tree_04_deco ashvalley_tree_05_deco ashvalley_tree_06_deco ashvalley_tree_07_deco ashvalley_tree_08_deco ashvalley_tree_09_deco ashvalley_tree_10_deco ashvalley_tree_11_deco
+CLASS ashvalley_dragontree_01_deco ashvalley_dragontree_02_deco ashvalley_dragontree_03_deco ashvalley_joshua_tree_01_deco
+CLASS Ash_Shrub_03 Ash_Shrub_04 ash_plateau_01 ash_plateau_02 ash_plateau_03 ash_plateau_04 ash_plateau_05 ash_plateau_06
+CLASS seas_hq_house_addon_05 seas_hq_house_addon_14 seas_hq_house_addon_16 seas_hq_house_addon_19 seas_hq_house_addon_20 seas_hq_house_addon_21 seas_hq_house_addon_27 seas_hq_house_addon_31 seas_hq_house_addon_41 seas_hq_house_addon_47 seas_hq_house_addon_48
+CLASS seas_fortressstairs_01 seas_hq_paving_tiles_01 seas_hq_paving_tiles_02 seas_hq_paving_tiles_03 seas_hq_paving_tiles_04
+CLASS ash_crack_01_no_fx ash_crack_02_no_fx ash_crack_03_no_fx ash_crack_04_no_fx
+CLASS ash_skull_01 ash_skull_03 ash_smallstones_01 ash_smallstones_02 ash_smallstones_08 ash_smallstones_09 ash_plateau_07 ash_plateau_08
+CLASS Ash_Skeleton_* Ash_Stone_Group_* ash_smallstones_* Ash_Arc01b ash_plateau_* Ash_Rhine_Bridge small_metal_plateau_* medium_metal_plateau_* seas_hq_speaker
-CLASS ash_smallstones_04 ash_smallstones_05 ash_smallstones_06
+CLASS Ash_Underwood_07 Ash_Underwood_08 Ash_Shrub_01 Ash_Shrub_02 seas_hq_harbour_* seas_hq_railtracks_01 seas_hq_railtracks_02
+CLASS seas_hq_harbour_crane seas_hq_lavacanal_* seas_hq_house_addon_05 seas_hq_house_addon_06 seas_hq_house_addon_07 seas_hq_house_addon_08 seas_hq_house_addon_09 seas_hq_house_addon_10 seas_hq_house_addon_11
+CLASS seas_hq_house_addon_14 seas_hq_house_addon_15 seas_hq_house_addon_16 seas_hq_house_addon_17 seas_hq_house_addon_18 seas_hq_house_addon_19 seas_hq_house_addon_20 seas_hq_house_addon_21 seas_hq_house_addon_22 seas_hq_house_addon_23 seas_hq_house_addon_24 seas_hq_house_addon_25 seas_hq_house_addon_26 seas_hq_house_addon_27
+CLASS seas_hq_house_addon_31 seas_hq_house_addon_34 seas_hq_house_addon_39 seas_hq_house_addon_42 seas_hq_house_addon_43 seas_hq_house_addon_44 seas_hq_house_addon_49
+CLASS ashvalley_joshua_tree_02_deco ashvalley_tree_12_deco ashvalley_tree_13_deco

LEVEL single_16.ula
-TYPE NONE DECO VGTN
+CLASS Ash_Basalt01 Ash_Basalt02 Ash_Basalt03 Ash_Basalt04 Ash_Basalt05_Inlava Ash_Cliff01 Ash_Rocktooth01 Ash_Rocktooth02 Ash_Rocktooth03 Ash_Rocktooth04
+CLASS ash_stone_01 ash_stone_02 ash_stone_03 ash_stone_04 ash_stone_05 ash_stone_06 ash_smallstones_03
+CLASS Ash_Underwood_01 Ash_Underwood_02 Ash_Underwood_03 Ash_Underwood_04 Ash_Underwood_05 Ash_Underwood_06 Ash_Underwood_09 Ash_Underwood_10 Ash_Ashgrass_01 Ash_Ashgrass_02 Ash_Ashgrass_03 Ash_Seaweed_01 Ash_Seaweed_02
+CLASS ashvalley_tree_01_deco ashvalley_tree_02_deco ashvalley_tree_03_deco ashvalley_tree_04_deco ashvalley_tree_05_deco ashvalley_tree_06_deco ashvalley_tree_07_deco ashvalley_tree_08_deco ashvalley_tree_09_deco ashvalley_tree_10_deco ashvalley_tree_11_deco
+CLASS ashvalley_dragontree_01_deco ashvalley_dragontree_02_deco ashvalley_dragontree_03_deco ashvalley_joshua_tree_01_deco
+CLASS Ash_Shrub_03 Ash_Shrub_04 ash_plateau_01 ash_plateau_02 ash_plateau_03 ash_plateau_04 ash_plateau_05 ash_plateau_06
+CLASS seas_hq_house_addon_05 seas_hq_house_addon_14 seas_hq_house_addon_16 seas_hq_house_addon_19 seas_hq_house_addon_20 seas_hq_house_addon_21 seas_hq_house_addon_27 seas_hq_house_addon_31 seas_hq_house_addon_41 seas_hq_house_addon_47 seas_hq_house_addon_48
+CLASS seas_fortressstairs_01 seas_hq_paving_tiles_01 seas_hq_paving_tiles_02 seas_hq_paving_tiles_03 seas_hq_paving_tiles_04
+CLASS ash_crack_01_no_fx ash_crack_02_no_fx ash_crack_03_no_fx ash_crack_04_no_fx Ash_Shrub_03 Ash_Shrub_04 Ash_Rhine_Bridge ashvalley_joshua_tree_02_deco ashvalley_tree_12_deco ashvalley_tree_13_deco

LEVEL single_b42.ula
-CLASS barbarian_corpse_01 barbarian_corpse_02 barbarian_corpse_03 barbarian_swimming_corpses_01 barbarian_swimming_corpses_01a
-CLASS excavation_camp_01 pentacle rune_black rune_black_small rune_blue rune_blue_small rune_red rune_red_small rune_yellow rune_yellow_small
-CLASS pentacle_smoke pentacle_rays

LEVEL single_b42_seas.ula
-CLASS barbarian_corpse_01 barbarian_corpse_02 barbarian_corpse_03 barbarian_swimming_corpses_01 barbarian_swimming_corpses_01a
-CLASS excavation_camp_01 pentacle rune_black rune_black_small rune_blue rune_blue_small rune_red rune_red_small rune_yellow rune_yellow_small

## Multiplayer

LEVEL tangled.ula
-TYPE NONE DECO VGTN
+CLASS Jungle_Mushroom_Rock_0*
+CLASS Jung_Middle_Rock_0*
+CLASS Jungle_Beachrock_*
+CLASS Jungle_Smallrock_0*
+CLASS Jungle_Flowers_0*
+CLASS Jungle_Wildrice_*
+CLASS Jungle_Seaweed_*
+CLASS jungle_tree_med_01_deco_*

LEVEL multi_8_sav_xxx.ula
+TYPE DCCO

LEVEL multi_8_ash_xxx.ula
-TYPE NONE DECO VGTN
+CLASS Ash_Basalt01 Ash_Basalt02 Ash_Basalt03 Ash_Basalt04 Ash_Basalt05_Inlava Ash_Cliff01 Ash_Rocktooth01 Ash_Rocktooth02 Ash_Rocktooth03 Ash_Rocktooth04
+CLASS ash_stone_01 ash_stone_02 ash_stone_03 ash_stone_04 ash_stone_05 ash_stone_06 ash_smallstones_03
+CLASS Ash_Underwood_01 Ash_Underwood_02 Ash_Underwood_03 Ash_Underwood_04 Ash_Underwood_05 Ash_Underwood_06 Ash_Underwood_09 Ash_Underwood_10 Ash_Ashgrass_01 Ash_Ashgrass_02 Ash_Ashgrass_03 Ash_Seaweed_01 Ash_Seaweed_02
+CLASS ashvalley_tree_01_deco ashvalley_tree_02_deco ashvalley_tree_03_deco ashvalley_tree_04_deco ashvalley_tree_05_deco ashvalley_tree_06_deco ashvalley_tree_07_deco ashvalley_tree_08_deco ashvalley_tree_09_deco ashvalley_tree_10_deco ashvalley_tree_11_deco
+CLASS ashvalley_dragontree_01_deco ashvalley_dragontree_02_deco ashvalley_dragontree_03_deco ashvalley_joshua_tree_01_deco
+CLASS Ash_Shrub_03 Ash_Shrub_04 ash_plateau_01 ash_plateau_02 ash_plateau_03 ash_plateau_04 ash_plateau_05 ash_plateau_06
+CLASS seas_hq_house_addon_05 seas_hq_house_addon_14 seas_hq_house_addon_16 seas_hq_house_addon_19 seas_hq_house_addon_20 seas_hq_house_addon_21 seas_hq_house_addon_27 seas_hq_house_addon_31 seas_hq_house_addon_41 seas_hq_house_addon_47 seas_hq_house_addon_48
+CLASS seas_fortressstairs_01 seas_hq_paving_tiles_01 seas_hq_paving_tiles_02 seas_hq_paving_tiles_03 seas_hq_paving_tiles_04
+CLASS ash_crack_01_no_fx ash_crack_02_no_fx ash_crack_03_no_fx ash_crack_04_no_fx
+CLASS ash_skull_01 ash_skull_03 ash_smallstones_01 ash_smallstones_02 ash_smallstones_08 ash_smallstones_09 ash_plateau_07 ash_plateau_08
+CLASS Ash_Shrub_01 Ash_Shrub_02 Ash_plateau_09 Ash_Skeleton_03 Ash_Skeleton_05 Ash_Skull_01 Ash_Skull_03 ash_arc01b
+CLASS ash_plateau_09
+CLASS Ash_Skeleton_04

LEVEL multi_6_ash_xxx.ula
-TYPE NONE DECO VGTN
+CLASS Ash_Basalt01 Ash_Basalt02 Ash_Basalt03 Ash_Basalt04 Ash_Basalt05_Inlava Ash_Cliff01 Ash_Rocktooth01 Ash_Rocktooth02 Ash_Rocktooth03 Ash_Rocktooth04
+CLASS ash_stone_01 ash_stone_02 ash_stone_03 ash_stone_04 ash_stone_05 ash_stone_06 ash_smallstones_03
+CLASS Ash_Underwood_01 Ash_Underwood_02 Ash_Underwood_03 Ash_Underwood_04 Ash_Underwood_05 Ash_Underwood_06 Ash_Underwood_09 Ash_Underwood_10 Ash_Ashgrass_01 Ash_Ashgrass_02 Ash_Ashgrass_03 Ash_Seaweed_01 Ash_Seaweed_02
+CLASS ashvalley_tree_01_deco ashvalley_tree_02_deco ashvalley_tree_03_deco ashvalley_tree_04_deco ashvalley_tree_05_deco ashvalley_tree_06_deco ashvalley_tree_07_deco ashvalley_tree_08_deco ashvalley_tree_09_deco ashvalley_tree_10_deco ashvalley_tree_11_deco
+CLASS ashvalley_dragontree_01_deco ashvalley_dragontree_02_deco ashvalley_dragontree_03_deco ashvalley_joshua_tree_01_deco
+CLASS Ash_Shrub_03 Ash_Shrub_04 ash_plateau_01 ash_plateau_02 ash_plateau_03 ash_plateau_04 ash_plateau_05 ash_plateau_06
+CLASS seas_hq_house_addon_05 seas_hq_house_addon_14 seas_hq_house_addon_16 seas_hq_house_addon_19 seas_hq_house_addon_20 seas_hq_house_addon_21 seas_hq_house_addon_27 seas_hq_house_addon_31 seas_hq_house_addon_41 seas_hq_house_addon_47 seas_hq_house_addon_48
+CLASS seas_fortressstairs_01 seas_hq_paving_tiles_01 seas_hq_paving_tiles_02 seas_hq_paving_tiles_03 seas_hq_paving_tiles_04
+CLASS ash_crack_01_no_fx ash_crack_02_no_fx ash_crack_03_no_fx ash_crack_04_no_fx
+CLASS ash_skull_01 ash_skull_03 ash_smallstones_01 ash_smallstones_02 ash_smallstones_08 ash_smallstones_09 ash_plateau_07 ash_plateau_08
+CLASS Ash_Shrub_01 Ash_Shrub_02 Ash_plateau_09 Ash_Skeleton_03 Ash_Skeleton_05 Ash_Skull_01 Ash_Skull_03 ash_arc01b
+CLASS ash_smallstones_04
+CLASS Ash_Stone_Group_01
+CLASS ash_smallstones_06
+CLASS Ash_Skeleton_05
+CLASS Ash_Skull_01

LEVEL multi_2_jun_001.ula
+CLASS Jungle_Mushroom_Rock_01 Jungle_Mushroom_Rock_03 jungle_plateau_10 jungle_plateau_02 Jung_Middle_Rock_04 jungle_plateau_08
+CLASS jungle_plateau_07
+CLASS jungle_plateau_04
+CLASS Jung_Middle_Rock_01
+CLASS Jung_Middle_Rock_02
+CLASS jungle_plateau_09
+CLASS Jungle_Mushroom_Rock_02
+CLASS jungle_plateau_01
+CLASS jungle_plateau_12
+CLASS jungle_plateau_06
+CLASS Jung_Middle_Rock_03
+CLASS Jung_Middle_Rock_05
+CLASS jungle_plateau_11
+CLASS seas_temple_paving_tiles_06
+CLASS seas_temple_paving_tiles_07
+CLASS seas_temple_paving_tiles_09
+CLASS SEAS_Temple_Pillar_03
+CLASS SEAS_Temple_Pillar_05
+CLASS SEAS_Temple_Pillar_06
+CLASS SEAS_Temple_Ruin_01
+CLASS SEAS_Temple_Head_01
+CLASS SEAS_Temple_Stoneblock_01
+CLASS seas_temple_pillar_base

LEVEL multi_2_jun_101.ula

+CLASS jungle_plateau_12
+CLASS jungle_plateau_07
+CLASS jungle_plateau_06
+CLASS jungle_plateau_10
+CLASS jungle_plateau_08
+CLASS jungle_plateau_09
+CLASS jungle_plateau_11
+CLASS Jung_Middle_Rock_04
+CLASS jungle_terrace_01
+CLASS jungle_terrace_02
+CLASS jungle_terrace_03
+CLASS Jung_Middle_Rock_03
+CLASS Jung_Middle_Rock_04

LEVEL multi_2_jun_701.ula

+CLASS PO_Shipwreck_*
+CLASS PT_Footbridge_Straight_16m
+CLASS PT_House_*
+CLASS PT_Footbridge_Edge_8m
+CLASS PT_Footbridge_Straight_8m
+CLASS seas_temple_paving_tiles_*
+CLASS jungle_plateau_*


LEVEL multi_2_nor_002.ula

+CLASS hu_bloodhu_decoration_*
+CLASS northland_skeleton
+CLASS northland_small_rock_*
+CLASS northland_small_mountain_*
+CLASS northland_big_mountain_*
+CLASS Northland_Smallstones_*
+CLASS northland_ruinwall_*
+CLASS Northland_Stones_*
+CLASS northland_plateau_*
+CLASS Northland_Tombstone_*
+CLASS Northland_Obelisk_*
+CLASS Northland_Stonetomb_*

LEVEL multi_3_ash_601.ula

-TYPE NONE DECO VGTN
+CLASS seas_hq_house_addon_*
+CLASS seas_hq_house01
+CLASS seas_hq_house02
+CLASS seas_hq_house03
+CLASS seas_hq_house04
+CLASS small_metal_plateau_05
+CLASS small_metal_plateau_05b
+CLASS small_metal_plateau_02
+CLASS Ash_Basalt01 Ash_Basalt02 Ash_Basalt03 Ash_Basalt04 Ash_Basalt05_Inlava Ash_Cliff01 Ash_Rocktooth01 Ash_Rocktooth02 Ash_Rocktooth03 Ash_Rocktooth04
+CLASS ash_stone_01 ash_stone_02 ash_stone_03 ash_stone_04 ash_stone_05 ash_stone_06 ash_smallstones_03
+CLASS Ash_Underwood_01 Ash_Underwood_02 Ash_Underwood_03 Ash_Underwood_04 Ash_Underwood_05 Ash_Underwood_06 Ash_Underwood_09 Ash_Underwood_10 Ash_Ashgrass_01 Ash_Ashgrass_02 Ash_Ashgrass_03 Ash_Seaweed_01 Ash_Seaweed_02
+CLASS ashvalley_tree_01_deco ashvalley_tree_02_deco ashvalley_tree_03_deco ashvalley_tree_04_deco ashvalley_tree_05_deco ashvalley_tree_06_deco ashvalley_tree_07_deco ashvalley_tree_08_deco ashvalley_tree_09_deco ashvalley_tree_10_deco ashvalley_tree_11_deco
+CLASS ashvalley_dragontree_01_deco ashvalley_dragontree_02_deco ashvalley_dragontree_03_deco ashvalley_joshua_tree_01_deco
+CLASS Ash_Shrub_03 Ash_Shrub_04 ash_plateau_01 ash_plateau_02 ash_plateau_03 ash_plateau_04 ash_plateau_05 ash_plateau_06
+CLASS seas_hq_house_addon_05 seas_hq_house_addon_14 seas_hq_house_addon_16 seas_hq_house_addon_19 seas_hq_house_addon_20 seas_hq_house_addon_21 seas_hq_house_addon_27 seas_hq_house_addon_31 seas_hq_house_addon_41 seas_hq_house_addon_47 seas_hq_house_addon_48
+CLASS seas_fortressstairs_01 seas_hq_paving_tiles_01 seas_hq_paving_tiles_02 seas_hq_paving_tiles_03 seas_hq_paving_tiles_04
+CLASS ash_crack_01_no_fx ash_crack_02_no_fx ash_crack_03_no_fx ash_crack_04_no_fx
+CLASS ash_skull_01 ash_skull_03 ash_smallstones_01 ash_smallstones_02 ash_smallstones_08 ash_smallstones_09 ash_plateau_07 ash_plateau_08
+CLASS Ash_Shrub_01 Ash_Shrub_02 Ash_plateau_09 Ash_Skeleton_03 Ash_Skeleton_05 Ash_Skull_01 Ash_Skull_03 ash_arc01b

LEVEL multi_3_nor_201.ula

+CLASS northland_small_rock_*
+CLASS Northland_Smallstones_*
+CLASS northland_small_mountain_*
+CLASS northland_big_mountain_*
+CLASS northland_plateau_*
+CLASS Northland_Stones_*
+CLASS Northland_Megalith_*
+CLASS Northland_Stonecircle_*
+CLASS Northland_Obelisk_*
+CLASS northland_ruinwall_*
+CLASS northland_skeleton

LEVEL multi_3_sav_101.ula

+CLASS hc_ruins_wall_part_*
+CLASS Sav_Rock_*
+CLASS sav_rock_plateau_*
+CLASS Sav_Smallrocks_*
+CLASS sav_rock_terrace_*
+CLASS Sav_Smallrocks_*
+CLASS sav_rock_sand_*
+CLASS amazon_decoration_*
+CLASS hc_huge_farm
+CLASS hc_stairs


LEVEL multi_4_ice_xx2.ula

+CLASS root_*
+CLASS valhalla_wall
+CLASS valhalla
+CLASS valhalla_wall_root_*
+CLASS valhalla_tower_*
+CLASS valhalla_gate_end
+CLASS ice_plateau_*
+CLASS ice_big_mountain_*
+CLASS Ice_Iceberg_*
+CLASS ice_plateau_addon_*
+CLASS ice_snow_middlerock_*
+CLASS Ice_Icewall_*
+CLASS ice_terrace_*
+CLASS Ice_Bridge_*
+CLASS ice_stone_*
+CLASS ice_stalagmites_02
+CLASS Ice_Stalagmites_01

LEVEL multi_4_ice_xxx.ula

+CLASS ice_smallstone_*
+CLASS ice_big_mountain_*
+CLASS ice_ruinwall_*
+CLASS ice_plateau_*
+CLASS ice_smallrock_*
+CLASS ice_stone_*
+CLASS ice_stalagmites_02
+CLASS Ice_Stalagmites_01
+CLASS ice_ruinwall_tower_small
+CLASS ice_middlerock_*
+CLASS ice_stone_*
+CLASS ice_snow_middlerock_03
+CLASS ice_terrace_*
+CLASS Ice_Icewall_01
+CLASS Ice_Iceberg_01


LEVEL multi_4_jun_001.ula

+CLASS Jungle_Beachrock_*
+CLASS jungle_plateau_04

LEVEL multi_4_jun_002.ula

+CLASS SEAS_Temple_Stonecoffin
+CLASS SEAS_Temple_Ruin_01
+CLASS SEAS_Temple_Plantpot_03
+CLASS SEAS_Temple_Head_01
+CLASS seas_temple_paving_tiles_01
+CLASS jungle_plateau_*
+CLASS Jung_Middle_Rock_*
+CLASS jungle_terrace_*

LEVEL multi_4_nor_201.ula

+CLASS northland_big_mountain_*
+CLASS northland_small_mountain_*
+CLASS northland_plateau_*
+CLASS Northland_Boulders_01
+CLASS Northland_Stones_*
+CLASS Northland_Megalith_01
+CLASS Northland_Stonecircle_02
+CLASS Northland_Tombstone_*
+CLASS Northland_Obelisk_04
+CLASS northland_small_rock_*
+CLASS northland_ruinwall_*
+CLASS northland_plateau_*

LEVEL multi_4_sav_901.ula

+CLASS hc_ruins_wall_part_10
+CLASS hc_ruins_module_07a
+CLASS hc_obelisk
+CLASS hc_ruins_module_05a
+CLASS hc_temple_stairs
+CLASS hc_ruins_wall_part_*
+CLASS hc_ruins_module_04a
+CLASS hc_temple_wall
+CLASS sav_rock_plateau_*
+CLASS Sav_Smallrocks_*
+CLASS sav_rock_terrace_stone_*
+CLASS sav_rock_terrace_*
+CLASS sav_rock_sand_*
+CLASS graveyard_skeleton_*
+CLASS sav_rock_terrace_*
+CLASS amazon_wall_*
+CLASS amazon_wall_tower_*
+CLASS hc_temple_wall_tower
+CLASS amazon_decoration_*
+CLASS hc_temple
+CLASS Sav_Rock_*


LEVEL multi_5_sav_301.ula

+CLASS sav_rock_plateau_*
+CLASS graveyard_skeleton_*
+CLASS sav_rock_terrace_stone_*
+CLASS Sav_Smallrocks_*

LEVEL multi_6_jun_xxx.ula

+CLASS jungle_plateau_*
+CLASS seas_temple_paving_tiles_*
+CLASS SEAS_Temple_Stonecoffin

LEVEL multi_6_sav_601.ula

+CLASS sav_rock_plateau_*
+CLASS sav_rock_terrace_*
+CLASS Sav_Smallrocks_*
+CLASS graveyard_skeleton_*
+CLASS graveyard_skull_*
+CLASS hc_fountain_01
+CLASS hc_lantern_*
+CLASS hc_harbour_entrance_wall_right
+CLASS hc_harbour_entrance_wall_left
+CLASS sav_rock_sand_*
+CLASS Sav_Rock_*
+CLASS hc_rampart_06


LEVEL multi_4_sav_100.ula

+CLASS sav_rock_plateau_*
+CLASS sav_rock_terrace_*
+CLASS Sav_Smallrocks_*
+CLASS graveyard_skeleton_*
+CLASS graveyard_skull_*
+CLASS hc_fountain_01
+CLASS hc_lantern_*
+CLASS hc_harbour_entrance_wall_right
+CLASS hc_harbour_entrance_wall_left
+CLASS HC_Harbour_Quai_Pillar
+CLASS sav_rock_*
+CLASS hc_ruins_wall_part_*
+CLASS hc_bridgeholder_dino
+CLASS hc_temple_stairs
+CLASS hc_stairs
+CLASS hc_bridge_*
+CLASS hc_channel_and_stairs
+CLASS sav_rock_sand_*
+CLASS graveyard_skeleton_07
+CLASS Sav_Rock_03
+CLASS Sav_Rock_04 
+CLASS Sav_Rock_05
+CLASS hc_defence_wall_endpiece
+CLASS hc_defence_wall
+CLASS hc_lawn_pot_*


LEVEL multi_3_ice_xxx.ula

+CLASS small_metal_plateau_*
+CLASS seas_hq_house_addon_*
+CLASS seas_hq_house*
+CLASS seas_hq_paving_tiles_*
+CLASS seas_crane_*
+CLASS ice_big_mountain_*
+CLASS ice_middlerock_*
+CLASS ice_smallrock_*

LEVEL multi_2_sav_xxx.ula

+CLASS amazon_wall_*
+CLASS amazon_gate_*
+CLASS sav_rock_plateau_*
+CLASS Sav_Smallrocks_*
+CLASS Sav_Rock_*
+CLASS sav_rock_terrace_*
+CLASS graveyard_skull_*
+CLASS graveyard_skeleton_*
-CLASS fx_dust_twister
+CLASS sav_skeleton_*
+CLASS hc_colloseum_skeleton_*
+CLASS hc_colloseum_corpse_*

LEVEL multi_2_ash_601.ula

+CLASS Ash_Skeleton_*

LEVEL multi_4_ash_301.ula

+CLASS ash_plateau_*

LEVEL multi_4_jun_003.ula

+CLASS jungle_bridge
+CLASS SEAS_Temple_Pillar*
+CLASS seas_temple_pillar*
+CLASS SEAS_Temple_Wall_05
+CLASS SEAS_Temple_Wallset02_Part_01
+CLASS seas_temple_paving_tiles_01
+CLASS SEAS_Temple_TemplePart_01
+CLASS SEAS_Temple_Head*
+CLASS SEAS_Temple_Plantpot_03
+CLASS seas_temple_paving_tiles
+CLASS SEAS_Temple_Stonecoffin
+CLASS SEAS_Temple_Stoneglobe
+CLASS SEAS_Temple_Ruin*
+CLASS SEAS_Temple_Stoneblock*
+CLASS SEAS_Temple_Entrance*
+CLASS SEAS_Temple_Wallset01_Part_04*
+CLASS SEAS_Temple_TemplePart_01*
+CLASS SEAS_Temple_Monument*
+CLASS livingstone_old_seas_tempel_part*
+CLASS PT_*
+CLASS PO_*
+CLASS jungle_plateau_*
+CLASS Jung_Middle_Rock*
+CLASS Jungle_Mushroom_Rock*
+CLASS Jungle_Smallrock*
+CLASS jungle_terrace*
+CLASS Jungle_Wildrice_*
+CLASS Jungle_Reed_*
+CLASS Jungle_Flowers_*
+CLASS Jungle_Beachrock_*

LEVEL multi_8_ash_001_t.ula

+CLASS Ash_Ashgrass_*
+CLASS Ash_Shrub_*
+CLASS ashvalley_tree_*
+CLASS Ash_Arc01b
+CLASS Ash_Basalt*
+CLASS Ash_Chimney_03
+CLASS Ash_Cliff01
+CLASS Ash_Crater01
+CLASS Ash_Crater02
+CLASS Ash_Rhine_Bridge
+CLASS Ash_Rocktooth*
+CLASS Ash_Skeleton_*
+CLASS Ash_Stone_Group_*
+CLASS ash_crack_01_no_fx
+CLASS ash_plateau_*
+CLASS ash_smallstones_*
+CLASS ash_stone_*

LEVEL multi_8_sav_301.ula

+CLASS sav_rock_plateau_*
+CLASS graveyard_skeleton_*
+CLASS sav_rock_terrace_stone_*
+CLASS Sav_Smallrocks_*

LEVEL multi_5_jun_503.ula
+CLASS Jungle_Mountain_Bush_*
+CLASS Jungle_Beachpalm_*
+CLASS Jungle_Flowers_*
+CLASS Jungle_Wildrice_*
+CLASS Jungle_Bush_*
+CLASS Jungle_Seaweed_*
+CLASS Jungle_Reed_*
+CLASS Jungle_Underwood_*
+CLASS jungle_tree_01_deco
+CLASS SEAS_Temple_Stoneglobe
+CLASS SEAS_Temple_Head_01
+CLASS seas_temple_paving_tiles_*
+CLASS SEAS_Temple_Monument_0*
+CLASS SEAS_Temple_Wallset01_Part_04
+CLASS SEAS_Temple_Ruin_05
+CLASS SEAS_Temple_Pillar_01
+CLASS SEAS_Temple_Ruin_*
+CLASS SEAS_Temple_Wall_05
+CLASS SEAS_Temple_Pillar_05
+CLASS SEAS_Temple_Entrance_01
+CLASS seas_temple_pillar_base
+CLASS SEAS_Temple_Wallset02_Part_02
+CLASS SEAS_Temple_Pillar_02
+CLASS SEAS_Temple_Plantpot_01
+CLASS PT_Footbridge_Edge_8m
+CLASS PT_Footbridge_Straight_8m
+CLASS pirate_fortress_bridge_01
+CLASS PT_House_02
+CLASS PT_House_03
+CLASS surfer
+CLASS root_*
+CLASS Jung_Middle_Rock_02
+CLASS jungle_plateau_*
+CLASS Jung_Middle_Rock_01
+CLASS jungle_tree_04_deco
+CLASS jungle_beachpalm_01_deco
+CLASS hc_barricade_*
+CLASS PT_Footbridge_Straight_16m
+CLASS PT_House_06
+CLASS PT_Trademarket_01
+CLASS PT_Trademarket_02
+CLASS small_pirate_ship_wreck
+CLASS PO_Shipwreck_08
+CLASS PO_Shipwreck_03
+CLASS PO_Shipwreck_08
+CLASS ninigi_crane_02
+CLASS rocket_ramp_control_pad_open
+CLASS SEAS_Temple_Archway_01
+CLASS SEAS_Temple_Monument_02
+CLASS SEAS_Temple_Pillar_06
+CLASS SEAS_Temple_Wall_04
+CLASS SEAS_Temple_Stoneblock_01
+CLASS SEAS_Temple_Stoneblock_01
+CLASS SEAS_Temple_Ruin_03
+CLASS SEAS_Temple_Wall_03
+CLASS SEAS_Temple_Pillar_04
+CLASS SEAS_Temple_Pillar_04
+CLASS SEAS_Temple_Wallset02_Part_01
+CLASS SEAS_Temple_Pillar_03
+CLASS PO_Shipwreck_04
+CLASS PT_Headquarters_01
+CLASS PT_House_05
+CLASS pirate_boss_row
+CLASS surfboard
+CLASS hc_dustbin_01
+CLASS valhalla_dimension_gate_stones_01
+CLASS valhalla_wall_root_03
+CLASS PT_Trademarket_03
+CLASS PT_Trademarket_03
+CLASS small_pirate_ship_wreck
+CLASS PO_Shipwreck_05
+CLASS SEAS_Temple_Monument_01
+CLASS Jungle_Mushroom_Rock_03
+CLASS Jung_Middle_Rock_03
+CLASS Jungle_Mushroom_Rock_04
+CLASS Jungle_Mushroom_Rock_01
+CLASS Jungle_Beachrock_03
+CLASS Jungle_Beachrock_04
+CLASS Jungle_Beachrock_01
+CLASS Jung_Middle_Rock_04
+CLASS Jungle_Beachrock_02
-OBJ Jungle_Beachrock_02_1
-OBJ Jungle_Beachrock_02_5
-OBJ Jungle_Beachrock_02_6
-OBJ Jungle_Beachrock_02_15
-OBJ Jungle_Beachrock_02_16
-OBJ Jungle_Beachrock_02_10
-OBJ Jungle_Beachrock_02_11
-OBJ Jungle_Beachrock_02_12
-OBJ Jungle_Beachrock_02_13
-OBJ Jungle_Beachrock_02_14
-OBJ Jungle_Beachrock_02_17
-OBJ Jungle_Beachrock_02_18
-OBJ Jungle_Beachrock_02_19
-OBJ Jung_Middle_Rock_04_7
-OBJ Jung_Middle_Rock_04_1
-OBJ Jung_Middle_Rock_04_6
-OBJ Jung_Middle_Rock_04_19
-OBJ Jung_Middle_Rock_04_20
-OBJ Jungle_Beachrock_01_2
-OBJ Jungle_Beachrock_01_21
-OBJ Jungle_Beachrock_01_5
-OBJ Jungle_Beachrock_01_9
-OBJ Jungle_Beachrock_01_15
-OBJ Jungle_Beachrock_01_17
-OBJ Jungle_Beachrock_01_23
-OBJ Jungle_Beachrock_04_9
-OBJ Jungle_Beachrock_04_0
-OBJ Jungle_Beachrock_04_1
-OBJ Jungle_Beachrock_04_4
-OBJ Jungle_Beachrock_04_8
-OBJ Jungle_Beachrock_04_3
-OBJ Jungle_Beachrock_04_2
-OBJ Jungle_Beachrock_04_18
-OBJ Jungle_Beachrock_04_15
-OBJ Jungle_Beachrock_04_16
-OBJ Jungle_Beachrock_04_19
-OBJ Jungle_Beachrock_03_7
-OBJ Jungle_Beachrock_03_20
-OBJ Jungle_Beachrock_03_19
-OBJ Jungle_Beachrock_03_13
-OBJ Jungle_Beachrock_03_14
-OBJ Jungle_Beachrock_03_15
-OBJ Jungle_Beachrock_03_17
-OBJ Jungle_Beachrock_03_21
-OBJ Jungle_Cliff_01_1
-OBJ Jungle_Cliff_01_2
-OBJ Jungle_Cliff_01_3
-OBJ Jungle_Cliff_01_4
-OBJ Jungle_Cliff_01_6
-OBJ Jung_Middle_Rock_05_1
-OBJ Jung_Middle_Rock_05_2
-OBJ SEAS_Temple_Monument_01_0
-OBJ SEAS_Temple_Stoneblock_01_0
-OBJ SEAS_Temple_Stonecoffin_0
-OBJ SEAS_Temple_Pillar_04_2
-OBJ SEAS_Temple_Pillar_06_1
-OBJ PT_Trademarket_01_0
-OBJ PT_Trademarket_02_0
-OBJ PT_Footbridge_Straight_16m_2
-OBJ PT_Tavern_01_0
-OBJ PT_Tavern_01_1
-OBJ PT_House_06_0
-OBJ PT_House_06_1
-OBJ PT_House_06_2
-OBJ PT_House_06_3
-OBJ PT_House_01_0
-OBJ PT_House_05_0
-OBJ PT_House_05_4
-OBJ PO_Shipwreck_03_2
-OBJ PO_Shipwreck_05_2
-OBJ PO_Shipwreck_08_1

LEVEL crimsontides.ula
+OBJ northland_plateau_01_0
+OBJ northland_plateau_01_1
+OBJ northland_plateau_01_2
+OBJ northland_plateau_01_3
+OBJ northland_plateau_01_4
+OBJ northland_plateau_01_7
+OBJ northland_plateau_01_8
+OBJ northland_plateau_01_9
+OBJ northland_plateau_01_10
+OBJ northland_plateau_01_11
+OBJ northland_plateau_01_17
+OBJ northland_plateau_01_50
+OBJ northland_plateau_01_51
+OBJ northland_plateau_01_52
+OBJ northland_plateau_01_53
+OBJ northland_plateau_01_54
+OBJ northland_plateau_01_55
+OBJ northland_plateau_01_56
+OBJ northland_plateau_01_57
+OBJ northland_plateau_01_58
+OBJ northland_plateau_01_59
+OBJ northland_plateau_01_60
+OBJ northland_plateau_01_61
+OBJ northland_plateau_01_21
+OBJ northland_plateau_01_22
+OBJ northland_plateau_01_23
+OBJ northland_plateau_01_24
+OBJ northland_plateau_01_25
+OBJ northland_plateau_01_26
+OBJ northland_plateau_01_31
+OBJ northland_plateau_01_32
+OBJ northland_plateau_01_33
+OBJ northland_plateau_01_34
+OBJ northland_plateau_01_35
+OBJ northland_plateau_01_36
+OBJ northland_plateau_01_37
+OBJ northland_plateau_01_38
+OBJ northland_plateau_01_39
+OBJ northland_plateau_01_41
+OBJ northland_plateau_02_0
+OBJ northland_plateau_02_1
+OBJ northland_plateau_02_2
+OBJ northland_plateau_02_3
+OBJ northland_plateau_02_4
+OBJ northland_plateau_02_5
+OBJ northland_plateau_02_6
+OBJ northland_plateau_02_7
+OBJ northland_plateau_02_8
+OBJ northland_plateau_02_9
+OBJ northland_plateau_02_10
+OBJ northland_plateau_02_11
+OBJ northland_plateau_02_12
+OBJ northland_plateau_02_13
+OBJ northland_plateau_02_14
+OBJ northland_plateau_02_15
+OBJ northland_plateau_02_16
+OBJ northland_plateau_02_17
+OBJ northland_plateau_02_18
+OBJ northland_plateau_02_19
+OBJ northland_plateau_02_20
+OBJ northland_plateau_02_21
+OBJ northland_plateau_02_22
+OBJ northland_plateau_02_23
+OBJ northland_plateau_02_24
+OBJ northland_plateau_02_25
+OBJ northland_plateau_02_26
+OBJ northland_plateau_02_27
+OBJ northland_plateau_02_28
+OBJ northland_plateau_02_29
+OBJ northland_plateau_02_30
+OBJ northland_plateau_02_31
+OBJ northland_plateau_02_32
+OBJ northland_plateau_02_60
+OBJ northland_plateau_02_61
+OBJ northland_plateau_02_62
+OBJ northland_plateau_02_63
+OBJ northland_plateau_02_64
+OBJ northland_plateau_02_65
+OBJ northland_plateau_02_66
+OBJ northland_plateau_02_67
+OBJ northland_plateau_02_68
+OBJ northland_plateau_02_69
+OBJ northland_plateau_02_70
+OBJ northland_plateau_02_37
+OBJ northland_plateau_02_38
+OBJ northland_plateau_02_39
+OBJ northland_plateau_02_40
+OBJ northland_plateau_02_45
+OBJ northland_plateau_02_44
+OBJ northland_plateau_02_46
+OBJ northland_plateau_02_47
+OBJ northland_plateau_02_48
+OBJ northland_plateau_02_49
+OBJ northland_plateau_02_50
+OBJ northland_plateau_02_51
+OBJ northland_plateau_02_52
+OBJ northland_plateau_02_53
+OBJ northland_plateau_02_54
+OBJ northland_plateau_05_0
+OBJ northland_plateau_05_1
+OBJ northland_plateau_05_2
+OBJ northland_plateau_05_7
+OBJ northland_plateau_05_8
+OBJ northland_plateau_05_9
+OBJ northland_plateau_05_10
+OBJ northland_plateau_05_11
+OBJ northland_plateau_05_12
+OBJ northland_plateau_05_13
+OBJ northland_plateau_05_14
+OBJ northland_plateau_05_15
+OBJ northland_plateau_05_16
+OBJ northland_plateau_05_17
+OBJ northland_plateau_05_20
+OBJ northland_plateau_05_21
+OBJ northland_plateau_05_22
+OBJ northland_plateau_05_24
+OBJ northland_plateau_05_25
+OBJ northland_plateau_05_26
+OBJ northland_plateau_05_27
+OBJ northland_plateau_05_28
+OBJ northland_plateau_05_29
+OBJ northland_plateau_05_30
+OBJ northland_plateau_05_31
+OBJ northland_plateau_05_32
+OBJ northland_plateau_05_36
+OBJ northland_plateau_05_37
+OBJ northland_plateau_05_40
+OBJ northland_plateau_05_41
+OBJ northland_plateau_05_42
+OBJ northland_plateau_05_43
+OBJ northland_plateau_05_44
+OBJ northland_plateau_05_45
+OBJ northland_plateau_05_46
+OBJ northland_plateau_05_47
+OBJ northland_plateau_05_48
+OBJ northland_plateau_05_49
+OBJ northland_plateau_05_50
+OBJ northland_plateau_05_51
+OBJ northland_plateau_05_52
+OBJ northland_plateau_05_53
+OBJ northland_plateau_05_55
+OBJ northland_plateau_05_56
+OBJ northland_plateau_05_57
+OBJ northland_plateau_05_63
+OBJ northland_plateau_05_64
+OBJ northland_plateau_05_65
+OBJ northland_plateau_05_66
+OBJ northland_plateau_05_67
+OBJ northland_plateau_05_68
+OBJ northland_plateau_05_69
+OBJ northland_plateau_05_70
+OBJ northland_plateau_05_71
+OBJ northland_plateau_05_72
+OBJ northland_plateau_05_84
+OBJ northland_plateau_05_85
+OBJ northland_plateau_05_86
+OBJ northland_plateau_05_87
+OBJ northland_plateau_05_88
+OBJ northland_plateau_05_89
+OBJ northland_plateau_05_145
+OBJ northland_plateau_05_146
+OBJ northland_plateau_05_147
+OBJ northland_plateau_05_148
+OBJ northland_plateau_05_149
+OBJ northland_plateau_05_151
+OBJ northland_plateau_05_152
+OBJ northland_plateau_05_153
+OBJ northland_plateau_05_154
+OBJ northland_plateau_05_155
+OBJ northland_plateau_05_156
+OBJ northland_plateau_05_157
+OBJ northland_plateau_05_158
+OBJ northland_plateau_05_159
+OBJ northland_plateau_05_160
+OBJ northland_plateau_05_161
+OBJ northland_plateau_05_162
+OBJ northland_plateau_05_163
+OBJ northland_plateau_05_92
+OBJ northland_plateau_05_93
+OBJ northland_plateau_05_94
+OBJ northland_plateau_05_97
+OBJ northland_plateau_05_98
+OBJ northland_plateau_05_99
+OBJ northland_plateau_05_100
+OBJ northland_plateau_05_101
+OBJ northland_plateau_05_102
+OBJ northland_plateau_05_103
+OBJ northland_plateau_05_104
+OBJ northland_plateau_05_105
+OBJ northland_plateau_05_106
+OBJ northland_plateau_05_107
+OBJ northland_plateau_05_108
+OBJ northland_plateau_05_109
+OBJ northland_plateau_05_111
+OBJ northland_plateau_05_116
+OBJ northland_plateau_05_117
+OBJ northland_plateau_05_118
+OBJ northland_plateau_05_119
+OBJ northland_plateau_05_120
+OBJ northland_plateau_05_121
+OBJ northland_plateau_05_122
+OBJ northland_plateau_05_123
+OBJ northland_plateau_05_124
+OBJ northland_plateau_05_125
+OBJ northland_plateau_05_126
+OBJ northland_plateau_05_127
+OBJ northland_plateau_05_128
+OBJ northland_plateau_05_129
+OBJ northland_plateau_05_132
+OBJ northland_plateau_05_133
+OBJ northland_plateau_05_134
+OBJ northland_plateau_05_138
+OBJ northland_plateau_05_139
+OBJ northland_plateau_05_140
+OBJ northland_plateau_05_141
+OBJ northland_plateau_05_142
+OBJ northland_plateau_05_143
+OBJ northland_plateau_05_144
+OBJ northland_small_rock_02_0
+OBJ northland_small_rock_02_1
+OBJ northland_small_rock_02_2
+OBJ northland_small_rock_02_47
+OBJ northland_small_rock_02_46
+OBJ northland_small_rock_02_3
+OBJ northland_small_rock_02_4
+OBJ northland_small_rock_02_8
+OBJ northland_small_rock_02_33
+OBJ northland_small_rock_02_10
+OBJ northland_small_rock_02_19
+OBJ northland_small_rock_02_34
+OBJ northland_small_rock_02_35
+OBJ northland_small_rock_02_36
+OBJ northland_small_rock_02_37
+OBJ northland_small_rock_02_38
+OBJ northland_small_rock_02_39
+OBJ northland_small_rock_02_40
+OBJ northland_small_rock_02_26
+OBJ northland_small_rock_02_27
+OBJ northland_underwater_stones_06_0
+OBJ northland_underwater_stones_06_2
+OBJ northland_underwater_stones_03_0
+OBJ Northland_Boulders_01_0
+OBJ Northland_Boulders_01_1
+OBJ Northland_Boulders_01_2
+OBJ Northland_Stones_02_0
+OBJ Northland_Stones_02_1
+OBJ Northland_Stones_04_1
+OBJ Northland_Stones_04_2
+OBJ Northland_Stones_04_3
+OBJ northland_big_mountain_03_11
+OBJ northland_big_mountain_03_18
+OBJ northland_big_mountain_03_21
+OBJ Northland_Smallstones_02_0
+OBJ Northland_Smallstones_02_1
+OBJ northland_underwater_stones_04_0
+OBJ northland_underwater_stones_04_3
+OBJ northland_underwater_stones_04_2
+OBJ northland_small_mountain_02_31
+OBJ northland_small_mountain_02_2
+OBJ northland_small_mountain_02_3
+OBJ northland_small_mountain_02_6
+OBJ northland_small_mountain_02_9
+OBJ northland_small_mountain_02_10
+OBJ northland_small_mountain_02_11
+OBJ northland_small_mountain_02_12
+OBJ northland_small_mountain_02_22
+OBJ northland_small_mountain_02_23
+OBJ northland_small_mountain_02_24
+OBJ northland_small_mountain_02_25
+OBJ northland_small_mountain_02_29
+OBJ northland_small_mountain_02_15
+OBJ northland_small_mountain_02_16
+OBJ northland_small_mountain_02_17
+OBJ northland_small_mountain_02_18
+OBJ northland_small_mountain_03_19
+OBJ northland_small_mountain_03_18
+OBJ northland_small_mountain_03_0
+OBJ northland_small_mountain_03_12
+OBJ northland_small_mountain_03_14
+OBJ northland_small_mountain_03_4
+OBJ northland_small_mountain_03_5
+OBJ northland_small_mountain_03_6
+OBJ northland_small_mountain_03_7
+OBJ northland_small_mountain_03_8
+OBJ northland_small_mountain_03_9
+OBJ northland_big_mountain_04_24
+OBJ northland_big_mountain_04_21
+OBJ northland_big_mountain_04_25
+OBJ northland_big_mountain_04_6
+OBJ northland_big_mountain_04_20
+OBJ northland_big_mountain_04_18
+OBJ northland_big_mountain_04_9
+OBJ northland_big_mountain_04_11
+OBJ northland_big_mountain_04_13
+OBJ northland_big_mountain_05_5
+OBJ northland_big_mountain_01_46
+OBJ northland_big_mountain_01_8
+OBJ northland_big_mountain_01_13
+OBJ northland_big_mountain_01_47
+OBJ northland_big_mountain_01_57
+OBJ northland_big_mountain_01_30
+OBJ northland_big_mountain_01_31
+OBJ northland_big_mountain_01_43
+OBJ northland_small_mountain_01_20
+OBJ northland_small_mountain_01_21
+OBJ northland_small_mountain_01_22
+OBJ northland_small_mountain_01_35
+OBJ northland_small_mountain_01_1
+OBJ northland_small_mountain_01_2
+OBJ northland_small_mountain_01_3
+OBJ northland_small_mountain_01_4
+OBJ northland_small_mountain_01_23
+OBJ northland_small_mountain_01_24
+OBJ northland_small_mountain_01_26
+OBJ northland_small_mountain_01_30
+OBJ northland_small_mountain_01_31
+OBJ northland_small_mountain_01_8
+OBJ northland_small_mountain_01_10
+OBJ northland_small_mountain_01_11
+OBJ northland_small_mountain_01_12
+OBJ northland_small_mountain_01_13
+OBJ northland_small_mountain_01_14
+OBJ northland_small_mountain_01_15
+OBJ northland_small_mountain_01_16
+OBJ northland_underwater_stones_05_0
+OBJ northland_underwater_stones_05_5
+OBJ northland_underwater_stones_05_1
+OBJ northland_underwater_stones_05_3
+OBJ northland_underwater_stones_05_4
+OBJ northland_small_rock_01_0
+OBJ northland_small_rock_01_25
+OBJ northland_small_rock_01_3
+OBJ northland_small_rock_01_27
+OBJ northland_small_rock_01_29
+OBJ northland_small_rock_01_30
+OBJ Northland_Smallstones_01_0
+OBJ Northland_Stones_05_0
+OBJ Northland_Stones_05_1
+OBJ Northland_Stones_01_0
+OBJ northland_underwater_stones_01_1
+OBJ northland_underwater_stones_01_0
+OBJ northland_small_rock_03_21
+OBJ northland_small_rock_03_21
+OBJ northland_small_rock_03_4
+OBJ northland_small_rock_03_7
+OBJ northland_small_rock_03_26
+OBJ northland_plateau_03_0
+OBJ northland_plateau_03_1
+OBJ northland_plateau_03_2
+OBJ northland_plateau_03_3
+OBJ northland_plateau_03_5
+OBJ northland_plateau_06_0
+OBJ northland_plateau_06_1
+OBJ northland_plateau_06_2
+OBJ northland_plateau_06_10
+OBJ northland_plateau_06_7
+OBJ northland_plateau_06_8

LEVEL multi_single_01.ula
+CLASS Northland_Mountain_01 Northland_Mountain_02 Northland_Mountain_03 Northland_Stone_01 Northland_Stone_02 Northland_Stone_03 Northland_Stone_04 Northland_Stone_05 Northland_Stone_06
+CLASS Northland_Debris_01 Northland_Debris_02 Northland_Debris_03 northland_skeleton northland_big_mountain_01 northland_big_mountain_02 northland_big_mountain_03 northland_big_mountain_04 northland_big_mountain_05
+CLASS northland_underwater_stones_01 northland_underwater_stones_02 northland_underwater_stones_03 northland_underwater_stones_04 northland_underwater_stones_05 northland_underwater_stones_06
+TYPE VGTN
-CLASS hu_bloodhu_cage hu_ruin_megaloceros_farm hu_ruin_stone_cottage hu_ruin_arena hu_ruin_weapons_smith hu_ruin_stone_quarry barbarian_corpse_01 barbarian_corpse_03
-CLASS Northland_Smallstones_03 Northland_Debris_04

LEVEL multi_single_05.ula
+TYPE DCCO
-CLASS hc_citizen_01 hc_citizen_02 hc_citizen_03 hc_citizen_04 hc_guard_01 hc_guard_02 hc_worker_01 hc_worker_02 hc_worker_03
-CLASS hc_city_wall hc_gate_real hc_taverne hc_rodeo hc_weapons_builder hc_huge_farm hc_trader_mule hc_barricade_* hc_triumphal_arch hc_rodeo_dest hc_triumphal_arch_dest_level hc_market_stand_01_dest hc_harbour_depository_dest hc_flaghouse
-CLASS sav_river_* sav_waterfall_01 hc_drain_* hc_downtown_house_* hc_market_house_* sav_waterfall_01_* hc_clothesline_* hc_huge_farm_dest hc_weapons_builder_dest hc_bridgeholder_dino_dest hc_flaghouse_dest hc_triumphal_arch_dest_level

LEVEL multi_single_13.ula
+TYPE DCCO
-CLASS hcl13_city_wall hcl13_gate Sav_Rock_05 hcl13_bridge_01
+CLASS sav_rock_terrace_stone_01 sav_rock_terrace_stone_02 sav_rock_terrace_stone_03 sav_rock_terrace_stone_04 sav_rock_terrace_stone_05 sav_rock_terrace_stone_06 Sav_Smallrocks_06
-CLASS sav_river_*

LEVEL multi_single_15.ula
-TYPE NONE DECO VGTN
+CLASS Ash_Basalt01 Ash_Basalt02 Ash_Basalt03 Ash_Basalt04 Ash_Basalt05_Inlava Ash_Cliff01 Ash_Rocktooth01 Ash_Rocktooth02 Ash_Rocktooth03 Ash_Rocktooth04
+CLASS ash_stone_01 ash_stone_02 ash_stone_03 ash_stone_04 ash_stone_05 ash_stone_06
+CLASS Ash_Underwood_01 Ash_Underwood_02 Ash_Underwood_03 Ash_Underwood_04 Ash_Underwood_05 Ash_Underwood_06 Ash_Underwood_09 Ash_Underwood_10 Ash_Ashgrass_01 Ash_Ashgrass_02 Ash_Ashgrass_03 Ash_Seaweed_01 Ash_Seaweed_02
+CLASS ashvalley_tree_01_deco ashvalley_tree_02_deco ashvalley_tree_03_deco ashvalley_tree_04_deco ashvalley_tree_05_deco ashvalley_tree_06_deco ashvalley_tree_07_deco ashvalley_tree_08_deco ashvalley_tree_09_deco ashvalley_tree_10_deco ashvalley_tree_11_deco
+CLASS ashvalley_dragontree_01_deco ashvalley_dragontree_02_deco ashvalley_dragontree_03_deco ashvalley_joshua_tree_01_deco
+CLASS Ash_Shrub_03 Ash_Shrub_04 ash_plateau_01 ash_plateau_02 ash_plateau_03 ash_plateau_04 ash_plateau_05 ash_plateau_06
+CLASS seas_hq_house_addon_05 seas_hq_house_addon_14 seas_hq_house_addon_16 seas_hq_house_addon_19 seas_hq_house_addon_20 seas_hq_house_addon_21 seas_hq_house_addon_27 seas_hq_house_addon_31 seas_hq_house_addon_41 seas_hq_house_addon_47 seas_hq_house_addon_48
+CLASS seas_fortressstairs_01 seas_hq_paving_tiles_01 seas_hq_paving_tiles_02 seas_hq_paving_tiles_03 seas_hq_paving_tiles_04
+CLASS ash_crack_01_no_fx ash_crack_02_no_fx ash_crack_03_no_fx ash_crack_04_no_fx
+CLASS ash_skull_01 ash_skull_03 ash_smallstones_01 ash_smallstones_02 ash_smallstones_08 ash_smallstones_09 ash_plateau_07 ash_plateau_08
+CLASS Ash_Skeleton_* Ash_Stone_Group_* ash_smallstones_* Ash_Arc01b ash_plateau_* Ash_Rhine_Bridge small_metal_plateau_* medium_metal_plateau_* seas_hq_speaker
-CLASS ash_smallstones_04 ash_smallstones_05 ash_smallstones_06
+CLASS Ash_Underwood_07 Ash_Underwood_08 Ash_Shrub_01 Ash_Shrub_02 seas_hq_harbour_* seas_hq_railtracks_01 seas_hq_railtracks_02
+CLASS seas_hq_harbour_crane seas_hq_lavacanal_* seas_hq_house_addon_05 seas_hq_house_addon_06 seas_hq_house_addon_07 seas_hq_house_addon_08 seas_hq_house_addon_09 seas_hq_house_addon_10 seas_hq_house_addon_11
+CLASS seas_hq_house_addon_14 seas_hq_house_addon_15 seas_hq_house_addon_16 seas_hq_house_addon_17 seas_hq_house_addon_18 seas_hq_house_addon_19 seas_hq_house_addon_20 seas_hq_house_addon_21 seas_hq_house_addon_22 seas_hq_house_addon_23 seas_hq_house_addon_24 seas_hq_house_addon_25 seas_hq_house_addon_26 seas_hq_house_addon_27
+CLASS seas_hq_house_addon_31 seas_hq_house_addon_34 seas_hq_house_addon_39 seas_hq_house_addon_42 seas_hq_house_addon_43 seas_hq_house_addon_44 seas_hq_house_addon_49
+CLASS ashvalley_joshua_tree_02_deco ashvalley_tree_12_deco ashvalley_tree_13_deco

LEVEL multi_single_16.ula
-TYPE NONE DECO VGTN
+CLASS Ash_Basalt01 Ash_Basalt02 Ash_Basalt03 Ash_Basalt04 Ash_Basalt05_Inlava Ash_Cliff01 Ash_Rocktooth01 Ash_Rocktooth02 Ash_Rocktooth03 Ash_Rocktooth04
+CLASS ash_stone_01 ash_stone_02 ash_stone_03 ash_stone_04 ash_stone_05 ash_stone_06 ash_smallstones_03
+CLASS Ash_Underwood_01 Ash_Underwood_02 Ash_Underwood_03 Ash_Underwood_04 Ash_Underwood_05 Ash_Underwood_06 Ash_Underwood_09 Ash_Underwood_10 Ash_Ashgrass_01 Ash_Ashgrass_02 Ash_Ashgrass_03 Ash_Seaweed_01 Ash_Seaweed_02
+CLASS ashvalley_tree_01_deco ashvalley_tree_02_deco ashvalley_tree_03_deco ashvalley_tree_04_deco ashvalley_tree_05_deco ashvalley_tree_06_deco ashvalley_tree_07_deco ashvalley_tree_08_deco ashvalley_tree_09_deco ashvalley_tree_10_deco ashvalley_tree_11_deco
+CLASS ashvalley_dragontree_01_deco ashvalley_dragontree_02_deco ashvalley_dragontree_03_deco ashvalley_joshua_tree_01_deco
+CLASS Ash_Shrub_03 Ash_Shrub_04 ash_plateau_01 ash_plateau_02 ash_plateau_03 ash_plateau_04 ash_plateau_05 ash_plateau_06
+CLASS seas_hq_house_addon_05 seas_hq_house_addon_14 seas_hq_house_addon_16 seas_hq_house_addon_19 seas_hq_house_addon_20 seas_hq_house_addon_21 seas_hq_house_addon_27 seas_hq_house_addon_31 seas_hq_house_addon_41 seas_hq_house_addon_47 seas_hq_house_addon_48
+CLASS seas_fortressstairs_01 seas_hq_paving_tiles_01 seas_hq_paving_tiles_02 seas_hq_paving_tiles_03 seas_hq_paving_tiles_04
+CLASS ash_crack_01_no_fx ash_crack_02_no_fx ash_crack_03_no_fx ash_crack_04_no_fx Ash_Shrub_03 Ash_Shrub_04 Ash_Rhine_Bridge ashvalley_joshua_tree_02_deco ashvalley_tree_12_deco ashvalley_tree_13_deco

LEVEL multi_single_b42.ula
-CLASS barbarian_corpse_01 barbarian_corpse_02 barbarian_corpse_03 barbarian_swimming_corpses_01 barbarian_swimming_corpses_01a
-CLASS excavation_camp_01 pentacle rune_black rune_black_small rune_blue rune_blue_small rune_red rune_red_small rune_yellow rune_yellow_small
-CLASS pentacle_smoke pentacle_rays

LEVEL seas_headquarters_def_8_june.ula
-TYPE NONE DECO VGTN
+CLASS Ash_Basalt01 Ash_Basalt02 Ash_Basalt03 Ash_Basalt04 Ash_Basalt05_Inlava Ash_Crack_01 Ash_Crack_02 Ash_Crack_03 Ash_Crack_04 Ash_Crater01 Ash_Crater01_Steam Ash_Crater02 Ash_Crater02_Steam Ash_Crater02_Fire Ash_Crater03 Ash_Crater03_Fire Ash_Crater04_Fire Ash_Crater04_Fire2 Ash_Cliff01 Ash_Chimney_01 Ash_Chimney_01_Steam Ash_Chimney_02 Ash_Chimney_02_Fire2 Ash_Chimneys_02 Ash_Chimney_03 Ash_Chimneys_03 Ash_Chimney_03_Fire
+CLASS Ash_Chimney_04 Ash_Chimney_04_Fire Ash_Chimney_05 Ash_Chimney_05_Fire Ash_Chimney_05_Fire Ash_Rocktooth01 Ash_Rocktooth02 Ash_Rocktooth03 Ash_Rocktooth04
+CLASS ash_stone_01 ash_stone_02 ash_stone_03 ash_stone_04 ash_stone_05 ash_stone_06 ash_smallstones_03 Ash_Lavastream_01 Ash_Lavastream_02 Ash_Lavastream_03 Ash_Lavastream_05
+CLASS Ash_Underwood_01 Ash_Underwood_02 Ash_Underwood_03 Ash_Underwood_04 Ash_Underwood_05 Ash_Underwood_06 Ash_Underwood_09 Ash_Underwood_10 Ash_Ashgrass_01 Ash_Ashgrass_02 Ash_Ashgrass_03 Ash_Seaweed_01 Ash_Seaweed_02
+CLASS ashvalley_tree_01_deco ashvalley_tree_02_deco ashvalley_tree_03_deco ashvalley_tree_04_deco ashvalley_tree_05_deco ashvalley_tree_06_deco ashvalley_tree_07_deco ashvalley_tree_08_deco ashvalley_tree_09_deco ashvalley_tree_10_deco ashvalley_tree_11_deco
+CLASS ashvalley_dragontree_01_deco ashvalley_dragontree_02_deco ashvalley_dragontree_03_deco ashvalley_joshua_tree_01_deco
+CLASS Ash_Shrub_03 Ash_Shrub_04 ash_plateau_01 ash_plateau_02 ash_plateau_03 ash_plateau_04 ash_plateau_05 ash_plateau_06
+CLASS seas_hq_house_addon_05 seas_hq_house_addon_14 seas_hq_house_addon_16 seas_hq_house_addon_19 seas_hq_house_addon_20 seas_hq_house_addon_21 seas_hq_house_addon_27 seas_hq_house_addon_31 seas_hq_house_addon_41 seas_hq_house_addon_47 seas_hq_house_addon_48
+CLASS seas_fortressstairs_01 seas_hq_paving_tiles_01 seas_hq_paving_tiles_02 seas_hq_paving_tiles_03 seas_hq_paving_tiles_04
+CLASS ash_crack_01_no_fx ash_crack_02_no_fx ash_crack_03_no_fx ash_crack_04_no_fx Ash_Shrub_03 Ash_Shrub_04 Ash_Rhine_Bridge ashvalley_joshua_tree_02_deco ashvalley_tree_12_deco ashvalley_tree_13_deco
+CLASS ash_skull_01 ash_skull_03 ash_smallstones_01 ash_smallstones_02 ash_smallstones_08 ash_smallstones_09 ash_plateau_07 ash_plateau_08
+CLASS Ash_Skeleton_* Ash_Stone_Group_* ash_smallstones_* ash_arc01b_large Ash_Arc01 Ash_Arc01b ash_plateau_* Ash_Rhine_Bridge small_metal_plateau_* medium_metal_plateau_* seas_hq_speaker
-CLASS ash_smallstones_04 ash_smallstones_05 ash_smallstones_06
+CLASS Ash_Underwood_07 Ash_Underwood_08 Ash_Shrub_01 Ash_Shrub_02 seas_hq_harbour_* seas_hq_railtracks_01 seas_hq_railtracks_02
+CLASS seas_hq_harbour_crane seas_hq_lavacanal_* seas_hq_house_addon_05 seas_hq_house_addon_06 seas_hq_house_addon_07 seas_hq_house_addon_08 seas_hq_house_addon_09 seas_hq_house_addon_10 seas_hq_house_addon_11
+CLASS seas_hq_house_addon_14 seas_hq_house_addon_15 seas_hq_house_addon_16 seas_hq_house_addon_17 seas_hq_house_addon_18 seas_hq_house_addon_19 seas_hq_house_addon_20 seas_hq_house_addon_21 seas_hq_house_addon_22 seas_hq_house_addon_23 seas_hq_house_addon_24 seas_hq_house_addon_25 seas_hq_house_addon_26 seas_hq_house_addon_27 seas_hq_house_addon_28 seas_hq_house_addon_29
+CLASS seas_hq_house_addon_30 seas_hq_house_addon_31 seas_hq_house_addon_32 seas_hq_house_addon_33 seas_hq_house_addon_34 seas_hq_house_addon_35 seas_hq_house_addon_36 seas_hq_house_addon_37 seas_hq_house_addon_38 seas_hq_house_addon_39 seas_hq_house_addon_40 seas_hq_house_addon_42 seas_hq_house_addon_43 seas_hq_house_addon_44 seas_hq_house_addon_46 seas_hq_house_addon_49 seas_hq_hangar seas_hq_sandsack_barrier seas_crane_02
+CLASS ashvalley_joshua_tree_02_deco ashvalley_tree_12_deco ashvalley_tree_13_deco
+CLASS seas_hq_house01 seas_hq_house02 seas_hq_house03 seas_hq_house04 seas_hq_house_addon_01 seas_hq_house_addon_02 seas_hq_house_addon_04 seas_hq_house_addon_13 seas_hq_jet_vulkan_jet_part_01 scorpion_hut_01 scorpion_hut_02 scorpion_hut_03 scorpion_hut_04 scorpion_hut_05 seas_hq_jet_controlhouse_bridge_part_01 seas_small_fence_part_01 seas_waste_dump_02 seas_crane_01 seas_hq_babbage_machine flying_trader_pile_of_goods FlyingTrader_Obj 